EmoClass,Act_diff,Val_diff,Dom_diff
angry,0.2651114583333333,-0.05816875,0.20515520833333334
calm,-0.027076041666666672,-0.031190624999999996,-0.02131875
disgust,0.11113645833333334,-0.014257291666666665,0.09089791666666668
fearful,0.25548125,0.031849999999999996,0.18934270833333333
happy,0.20220520833333333,0.02004791666666667,0.15271458333333335
sad,0.14582604166666666,0.052598958333333334,0.07615104166666666
surprised,0.101578125,-0.017106250000000003,0.083978125
